pd5,pd8,pd9,pd10,pd12,pd13
47.36760640144348,189.4760868549347,173.5188491344452,142.29288387298584,187.38439273834229,41.91114664077759
