pd5,pd8,pd9,pd10,pd12,pd13
54.407084703445435,210.51332879066467,193.5778830051422,156.32346773147583,210.28104519844055,45.44876742362976
