pd5,pd8,pd9,pd10,pd12,pd13
0.00013372913235798478,0.00010939969070022926,0.0001760053273756057,0.00013301646686159074,0.0001275505346711725,8.806568803265691e-05
