pd1,pd5,pd8,pd9,pd10,pd12,pd13
0.009089910425245762,3.5331388062331825e-05,3.99041164200753e-05,3.8688631320837885e-05,9.131661499850452e-05,4.26073211201583e-06,0.00530823040753603
