pd5,pd8,pd9,pd10,pd12,pd13
3.8867998227942735e-05,6.581254274351522e-05,5.927328675170429e-05,6.0805534303653985e-05,8.312529098475352e-05,0.007614109665155411
